kmeans_cluster,count,attack_rate
0,153285,0.02413804351371628
1,740173,0.1979456154169363
2,155117,0.5143665749079727
